{
  "project_info": {
    "project_number": "417664658744",
    "project_id": "loginregisterhelpcar",
    "storage_bucket": "loginregisterhelpcar.appspot.com"
  },
  "client": [
    {
      "client_info": {
        "mobilesdk_app_id": "1:417664658744:android:9b9d4b3c31c072005be5cd",
        "android_client_info": {
          "package_name": "com.example.helpcarapps"
        }
      },
      "oauth_client": [
        {
          "client_id": "417664658744-ohcqbrgoqfstkhvmnjamao2j44ahvt4q.apps.googleusercontent.com",
          "client_type": 3
        }
      ],
      "api_key": [
        {
          "current_key": "AIzaSyB5u8EmtK_hBMstPXw22_Zuc01N6pUWSbo"
        }
      ],
      "services": {
        "appinvite_service": {
          "other_platform_oauth_client": [
            {
              "client_id": "417664658744-ohcqbrgoqfstkhvmnjamao2j44ahvt4q.apps.googleusercontent.com",
              "client_type": 3
            }
          ]
        }
      }
    }
  ],
  "configuration_version": "1"
}